<?xml version="1.0" encoding="UTF-8" standalone="yes"?>
<epcismd:EPCISMasterDataDocument
	xmlns:epcismd="urn:epcglobal:epcis-masterdata:xsd:1"
	schemaVersion="1"
	creationDate="2016-9-22T19:59:7 +00:00">
<EPCISBody>
	<VocabularyList>
		<Vocabulary type="urn:epcglobal:epcis:vtype:EPCClass">
			<VocabularyElementList>
				<VocabularyElement id="epc:id:sgtin:01000.0000.*">
					<attribute id="urn:epcglobal:epcis:mda:name" value="passengers"/>
				</VocabularyElement>
				<VocabularyElement id="epc:id:sgtin:01000.0001.*">
					<attribute id="urn:epcglobal:epcis:mda:name" value="coal"/>
				</VocabularyElement>
				<VocabularyElement id="epc:id:sgtin:01000.0002.*">
					<attribute id="urn:epcglobal:epcis:mda:name" value="mail"/>
				</VocabularyElement>
				<VocabularyElement id="epc:id:sgtin:01000.0003.*">
					<attribute id="urn:epcglobal:epcis:mda:name" value="oil"/>
				</VocabularyElement>
				<VocabularyElement id="epc:id:sgtin:01000.0004.*">
					<attribute id="urn:epcglobal:epcis:mda:name" value="livestock"/>
				</VocabularyElement>
				<VocabularyElement id="epc:id:sgtin:01000.0005.*">
					<attribute id="urn:epcglobal:epcis:mda:name" value="goods"/>
				</VocabularyElement>
				<VocabularyElement id="epc:id:sgtin:01000.0006.*">
					<attribute id="urn:epcglobal:epcis:mda:name" value="grain"/>
				</VocabularyElement>
				<VocabularyElement id="epc:id:sgtin:01000.0007.*">
					<attribute id="urn:epcglobal:epcis:mda:name" value="wood"/>
				</VocabularyElement>
				<VocabularyElement id="epc:id:sgtin:01000.0008.*">
					<attribute id="urn:epcglobal:epcis:mda:name" value="iron_ore"/>
				</VocabularyElement>
				<VocabularyElement id="epc:id:sgtin:01000.0009.*">
					<attribute id="urn:epcglobal:epcis:mda:name" value="steel"/>
				</VocabularyElement>
				<VocabularyElement id="epc:id:sgtin:01000.0010.*">
					<attribute id="urn:epcglobal:epcis:mda:name" value="valuables"/>
				</VocabularyElement>
				<VocabularyElement id="epc:id:sgtin:01000.0011.*">
					<attribute id="urn:epcglobal:epcis:mda:name" value="food"/>
				</VocabularyElement>
				<VocabularyElement id="epc:id:sgtin:01000.255.*">
					<attribute id="urn:epcglobal:epcis:mda:name" value="invalid"/>
				</VocabularyElement>
			</VocabularyElementList>
		</Vocabulary>
		<Vocabulary type="urn:epcglobal:epcis:vtype:BusinessLocation">
			<VocabularyElementList>
				<VocabularyElement id="urn:epc:id:sgln:01000.0020935.0">
					<attribute id="urn:epcglobal:epcis:mda:name" value="Atlanta Est"/>
					<attribute id="urn:epcglobal:fmcg:mda:latitude" value="81"/>
					<attribute id="urn:epcglobal:fmcg:mda:longitude" value="199"/>
					<attribute id="urn:epcglobal:epcis:mda:description" value="station"/>
					<attribute id="urn:epcglobal:epcis:mda:city" value="Atlanta"/>
				</VocabularyElement>
				<VocabularyElement id="urn:epc:id:sgln:01000.0040136.0">
					<attribute id="urn:epcglobal:epcis:mda:name" value="Barcelona Nord"/>
					<attribute id="urn:epcglobal:fmcg:mda:latitude" value="156"/>
					<attribute id="urn:epcglobal:fmcg:mda:longitude" value="200"/>
					<attribute id="urn:epcglobal:epcis:mda:description" value="station"/>
					<attribute id="urn:epcglobal:epcis:mda:city" value="Barcelona"/>
				</VocabularyElement>
				<VocabularyElement id="urn:epc:id:sgln:01000.0026008.0">
					<attribute id="urn:epcglobal:epcis:mda:name" value="Concepcion"/>
					<attribute id="urn:epcglobal:fmcg:mda:latitude" value="101"/>
					<attribute id="urn:epcglobal:fmcg:mda:longitude" value="152"/>
					<attribute id="urn:epcglobal:epcis:mda:description" value="station"/>
					<attribute id="urn:epcglobal:epcis:mda:city" value="Atlanta"/>
				</VocabularyElement>
				<VocabularyElement id="urn:epc:id:sgln:01000.0016484.0">
					<attribute id="urn:epcglobal:epcis:mda:name" value="Dijon"/>
					<attribute id="urn:epcglobal:fmcg:mda:latitude" value="64"/>
					<attribute id="urn:epcglobal:fmcg:mda:longitude" value="100"/>
					<attribute id="urn:epcglobal:epcis:mda:description" value="station"/>
					<attribute id="urn:epcglobal:epcis:mda:city" value="Atlanta"/>
				</VocabularyElement>
				<VocabularyElement id="urn:epc:id:sgln:01000.0006925.0">
					<attribute id="urn:epcglobal:epcis:mda:name" value="Florence Est"/>
					<attribute id="urn:epcglobal:fmcg:mda:latitude" value="27"/>
					<attribute id="urn:epcglobal:fmcg:mda:longitude" value="13"/>
					<attribute id="urn:epcglobal:epcis:mda:description" value="station"/>
					<attribute id="urn:epcglobal:epcis:mda:city" value="Florence"/>
				</VocabularyElement>
				<VocabularyElement id="urn:epc:id:sgln:01000.0010549.0">
					<attribute id="urn:epcglobal:epcis:mda:name" value="Edinburgh"/>
					<attribute id="urn:epcglobal:fmcg:mda:latitude" value="41"/>
					<attribute id="urn:epcglobal:fmcg:mda:longitude" value="53"/>
					<attribute id="urn:epcglobal:epcis:mda:description" value="station"/>
					<attribute id="urn:epcglobal:epcis:mda:city" value="Florence"/>
				</VocabularyElement>
				<VocabularyElement id="urn:epc:id:sgln:01000.0037998.0">
					<attribute id="urn:epcglobal:epcis:mda:name" value="Gondor"/>
					<attribute id="urn:epcglobal:fmcg:mda:latitude" value="148"/>
					<attribute id="urn:epcglobal:fmcg:mda:longitude" value="110"/>
					<attribute id="urn:epcglobal:epcis:mda:description" value="station"/>
					<attribute id="urn:epcglobal:epcis:mda:city" value="Jakarta"/>
				</VocabularyElement>
				<VocabularyElement id="urn:epc:id:sgln:01000.0027462.0">
					<attribute id="urn:epcglobal:epcis:mda:name" value="Hamburg"/>
					<attribute id="urn:epcglobal:fmcg:mda:latitude" value="107"/>
					<attribute id="urn:epcglobal:fmcg:mda:longitude" value="70"/>
					<attribute id="urn:epcglobal:epcis:mda:description" value="station"/>
					<attribute id="urn:epcglobal:epcis:mda:city" value="Jakarta"/>
				</VocabularyElement>
				<VocabularyElement id="urn:epc:id:sgln:01000.0048707.0">
					<attribute id="urn:epcglobal:epcis:mda:name" value="Istanbul"/>
					<attribute id="urn:epcglobal:fmcg:mda:latitude" value="190"/>
					<attribute id="urn:epcglobal:fmcg:mda:longitude" value="67"/>
					<attribute id="urn:epcglobal:epcis:mda:description" value="station"/>
					<attribute id="urn:epcglobal:epcis:mda:city" value="Jakarta"/>
				</VocabularyElement>
				<VocabularyElement id="urn:epc:id:sgln:01000.0036123.0">
					<attribute id="urn:epcglobal:epcis:mda:name" value="Jakarta Nord"/>
					<attribute id="urn:epcglobal:fmcg:mda:latitude" value="141"/>
					<attribute id="urn:epcglobal:fmcg:mda:longitude" value="27"/>
					<attribute id="urn:epcglobal:epcis:mda:description" value="station"/>
					<attribute id="urn:epcglobal:epcis:mda:city" value="Jakarta"/>
				</VocabularyElement>
				<VocabularyElement id="urn:epc:id:sgln:01000.0020691.0">
					<attribute id="urn:epcglobal:epcis:mda:name" value="Atlanta"/>
					<attribute id="urn:epcglobal:fmcg:mda:latitude" value="80"/>
					<attribute id="urn:epcglobal:fmcg:mda:longitude" value="211"/>
					<attribute id="urn:epcglobal:epcis:mda:description" value="Town"/>
				</VocabularyElement>
				<VocabularyElement id="urn:epc:id:sgln:01000.0040916.0">
					<attribute id="urn:epcglobal:epcis:mda:name" value="Barcelona"/>
					<attribute id="urn:epcglobal:fmcg:mda:latitude" value="159"/>
					<attribute id="urn:epcglobal:fmcg:mda:longitude" value="212"/>
					<attribute id="urn:epcglobal:epcis:mda:description" value="Town"/>
				</VocabularyElement>
				<VocabularyElement id="urn:epc:id:sgln:01000.0037412.0">
					<attribute id="urn:epcglobal:epcis:mda:name" value="Jakarta"/>
					<attribute id="urn:epcglobal:fmcg:mda:latitude" value="146"/>
					<attribute id="urn:epcglobal:fmcg:mda:longitude" value="36"/>
					<attribute id="urn:epcglobal:epcis:mda:description" value="Town"/>
				</VocabularyElement>
				<VocabularyElement id="urn:epc:id:sgln:01000.0004880.0">
					<attribute id="urn:epcglobal:epcis:mda:name" value="Florence"/>
					<attribute id="urn:epcglobal:fmcg:mda:latitude" value="19"/>
					<attribute id="urn:epcglobal:fmcg:mda:longitude" value="16"/>
					<attribute id="urn:epcglobal:epcis:mda:description" value="Town"/>
				</VocabularyElement>
			</VocabularyElementList>
		</Vocabulary>
	</VocabularyList>
</EPCISBody>
</epcismd:EPCISMasterDataDocument>
